{
    "rmse": 0.7044797861856791,
    "mae": 0.5422761808077674,
    "r2": 0.20340106850626716
}